original_path,new_path,lines_before,lines_after,category
Scripts/EFObj.cs,Scripts/04_Gameplay/CombatEffects/EFObj.cs,49,49,04_Gameplay/CombatEffects
Scripts/Ladder.cs,Scripts/01_Gameplay/World/Ladder.cs,35,35,01_Gameplay/World
Scripts/PlantZombie.cs,Scripts/03_Gameplay/Zombies/PlantZombie.cs,389,389,03_Gameplay/Zombies
Scripts/ToolType.cs,Scripts/09_Types/ToolType.cs,6,6,09_Types
Scripts/SlimeZombie.cs,Scripts/03_Gameplay/Zombies/SlimeZombie.cs,329,329,03_Gameplay/Zombies
Scripts/LVManager.cs,Scripts/01_Gameplay/World/LVManager.cs,2877,2877,01_Gameplay/World
Scripts/FrontYard.cs,Scripts/01_Gameplay/World/FrontYard.cs,766,766,01_Gameplay/World
Scripts/GloomShroom.cs,Scripts/02_Gameplay/Plants/GloomShroom.cs,69,69,02_Gameplay/Plants
Scripts/UmbrellaleafZombie.cs,Scripts/03_Gameplay/Zombies/UmbrellaleafZombie.cs,80,80,03_Gameplay/Zombies
Scripts/AwardScence.cs,Scripts/08_UI/AwardScence.cs,89,89,08_UI
Scripts/MapBase.cs,Scripts/01_Gameplay/World/MapBase.cs,708,708,01_Gameplay/World
Scripts/DoomShroomZombie.cs,Scripts/03_Gameplay/Zombies/DoomShroomZombie.cs,111,111,03_Gameplay/Zombies
Scripts/LawnMower.cs,Scripts/01_Gameplay/World/LawnMower.cs,271,271,01_Gameplay/World
Scripts/Pot.cs,Scripts/02_Gameplay/Plants/Pot.cs,20,20,02_Gameplay/Plants
Scripts/UIManager.cs,Scripts/00_Core/UIManager.cs,791,791,00_Core
Scripts/TrackBullet.cs,Scripts/04_Gameplay/CombatEffects/TrackBullet.cs,203,203,04_Gameplay/CombatEffects
Scripts/PuffShroom.cs,Scripts/02_Gameplay/Plants/PuffShroom.cs,66,66,02_Gameplay/Plants
Scripts/ZombieChooser.cs,Scripts/08_UI/ZombieChooser.cs,520,520,08_UI
Scripts/SquashZombie.cs,Scripts/03_Gameplay/Zombies/SquashZombie.cs,191,191,03_Gameplay/Zombies
Scripts/SnowRepeater.cs,Scripts/02_Gameplay/Plants/SnowRepeater.cs,99,99,02_Gameplay/Plants
Scripts/UIPlantCardAnimation.cs,Scripts/08_UI/UIPlantCardAnimation.cs,106,106,08_UI
Scripts/PlayerList.cs,Scripts/05_Multiplayer/PlayerList.cs,170,170,05_Multiplayer
Scripts/Doom.cs,Scripts/04_Gameplay/CombatEffects/Doom.cs,16,16,04_Gameplay/CombatEffects
Scripts/GameManager.cs,Scripts/00_Core/GameManager.cs,1300,1300,00_Core
Scripts/PaperZombie.cs,Scripts/03_Gameplay/Zombies/PaperZombie.cs,194,194,03_Gameplay/Zombies
Scripts/FumeShroom.cs,Scripts/02_Gameplay/Plants/FumeShroom.cs,101,101,02_Gameplay/Plants
Scripts/SpectatorList.cs,Scripts/05_Multiplayer/SpectatorList.cs,292,292,05_Multiplayer
Scripts/ChooseSave.cs,Scripts/00_Core/ChooseSave.cs,335,335,00_Core
Scripts/JacksonZombie.cs,Scripts/03_Gameplay/Zombies/JacksonZombie.cs,466,466,03_Gameplay/Zombies
Scripts/SlotMachineCard.cs,Scripts/08_UI/SlotMachineCard.cs,11,11,08_UI
Scripts/LVState.cs,Scripts/09_Types/LVState.cs,6,6,09_Types
Scripts/JalapenoZombie.cs,Scripts/03_Gameplay/Zombies/JalapenoZombie.cs,136,136,03_Gameplay/Zombies
Scripts/FallHail.cs,Scripts/01_Gameplay/World/FallHail.cs,118,118,01_Gameplay/World
Scripts/Shovel.cs,Scripts/08_UI/Shovel.cs,257,257,08_UI
Scripts/GameConf.cs,Scripts/00_Core/GameConf.cs,681,681,00_Core
Scripts/ChatTextGroup.cs,Scripts/05_Multiplayer/ChatTextGroup.cs,205,205,05_Multiplayer
Scripts/ChatInput.cs,Scripts/05_Multiplayer/ChatInput.cs,975,970,05_Multiplayer
Scripts/PortalController.cs,Scripts/01_Gameplay/World/PortalController.cs,125,125,01_Gameplay/World
Scripts/OverPanel.cs,Scripts/08_UI/OverPanel.cs,15,15,08_UI
Scripts/FixedInfo.cs,Scripts/00_Core/FixedInfo.cs,43,43,00_Core
Scripts/ThreePeater.cs,Scripts/02_Gameplay/Plants/ThreePeater.cs,144,144,02_Gameplay/Plants
Scripts/Cloud.cs,Scripts/01_Gameplay/World/Cloud.cs,29,29,01_Gameplay/World
Scripts/Crocodile.cs,Scripts/03_Gameplay/Zombies/Crocodile.cs,287,287,03_Gameplay/Zombies
Scripts/Icecone.cs,Scripts/04_Gameplay/CombatEffects/Icecone.cs,62,62,04_Gameplay/CombatEffects
Scripts/EffectPanel.cs,Scripts/08_UI/EffectPanel.cs,76,76,08_UI
Scripts/Cabbagepult.cs,Scripts/02_Gameplay/Plants/Cabbagepult.cs,128,128,02_Gameplay/Plants
Scripts/Lilypad.cs,Scripts/02_Gameplay/Plants/Lilypad.cs,74,74,02_Gameplay/Plants
Scripts/CharredCatapult.cs,Scripts/03_Gameplay/Zombies/CharredCatapult.cs,6,6,03_Gameplay/Zombies
Scripts/Melt.cs,Scripts/04_Gameplay/CombatEffects/Melt.cs,83,83,04_Gameplay/CombatEffects
Scripts/BootySprite.cs,Scripts/09_Types/BootySprite.cs,11,11,09_Types
Scripts/BulletPult.cs,Scripts/04_Gameplay/CombatEffects/BulletPult.cs,384,384,04_Gameplay/CombatEffects
Scripts/TorchwoodZombie.cs,Scripts/03_Gameplay/Zombies/TorchwoodZombie.cs,52,52,03_Gameplay/Zombies
Scripts/StartSceneManager.cs,Scripts/00_Core/StartSceneManager.cs,104,104,00_Core
Scripts/VaseType.cs,Scripts/09_Types/VaseType.cs,25,25,09_Types
Scripts/Umbrellaleaf.cs,Scripts/02_Gameplay/Plants/Umbrellaleaf.cs,217,217,02_Gameplay/Plants
Scripts/WallnutZombie.cs,Scripts/03_Gameplay/Zombies/WallnutZombie.cs,45,45,03_Gameplay/Zombies
Scripts/Tanglekelp.cs,Scripts/02_Gameplay/Plants/Tanglekelp.cs,79,79,02_Gameplay/Plants
Scripts/NormalSprite.cs,Scripts/00_Core/NormalSprite.cs,92,92,00_Core
Scripts/Magnetshroom.cs,Scripts/02_Gameplay/Plants/Magnetshroom.cs,169,169,02_Gameplay/Plants
Scripts/Tallnut.cs,Scripts/02_Gameplay/Plants/Tallnut.cs,98,98,02_Gameplay/Plants
Scripts/BulletBase.cs,Scripts/04_Gameplay/CombatEffects/BulletBase.cs,558,558,04_Gameplay/CombatEffects
Scripts/PeaShooter.cs,Scripts/02_Gameplay/Plants/PeaShooter.cs,83,83,02_Gameplay/Plants
Scripts/SocketServer.cs,Scripts/05_Multiplayer/SocketServer.cs,1233,1233,05_Multiplayer
Scripts/SwampZombie.cs,Scripts/03_Gameplay/Zombies/SwampZombie.cs,504,504,03_Gameplay/Zombies
Scripts/MelonpultZombie.cs,Scripts/03_Gameplay/Zombies/MelonpultZombie.cs,98,98,03_Gameplay/Zombies
Scripts/Roof.cs,Scripts/01_Gameplay/World/Roof.cs,511,511,01_Gameplay/World
Scripts/Plantern.cs,Scripts/02_Gameplay/Plants/Plantern.cs,76,76,02_Gameplay/Plants
Scripts/Coinbank.cs,Scripts/00_Core/Coinbank.cs,38,38,00_Core
Scripts/Silvercoin.cs,Scripts/01_Gameplay/World/Silvercoin.cs,12,12,01_Gameplay/World
Scripts/FpsDisplay.cs,Scripts/08_UI/FpsDisplay.cs,42,42,08_UI
Scripts/SeaShroom.cs,Scripts/02_Gameplay/Plants/SeaShroom.cs,76,76,02_Gameplay/Plants
Scripts/Starfruit.cs,Scripts/02_Gameplay/Plants/Starfruit.cs,80,80,02_Gameplay/Plants
Scripts/MapInfoIcon.cs,Scripts/01_Gameplay/World/MapInfoIcon.cs,26,26,01_Gameplay/World
Scripts/Vase.cs,Scripts/01_Gameplay/World/Vase.cs,281,281,01_Gameplay/World
Scripts/ChatText.cs,Scripts/05_Multiplayer/ChatText.cs,53,53,05_Multiplayer
Scripts/BigTitle.cs,Scripts/08_UI/BigTitle.cs,83,83,08_UI
Scripts/PlantCard.cs,Scripts/08_UI/PlantCard.cs,1146,1146,08_UI
Scripts/Tanglekelpgrab.cs,Scripts/02_Gameplay/Plants/Tanglekelpgrab.cs,69,69,02_Gameplay/Plants
Scripts/PvPMode.cs,Scripts/09_Types/PvPMode.cs,7,7,09_Types
Scripts/Chomper.cs,Scripts/02_Gameplay/Plants/Chomper.cs,181,181,02_Gameplay/Plants
Scripts/GreenStar.cs,Scripts/04_Gameplay/CombatEffects/GreenStar.cs,185,185,04_Gameplay/CombatEffects
Scripts/Squash.cs,Scripts/02_Gameplay/Plants/Squash.cs,263,263,02_Gameplay/Plants
Scripts/ImpZombie.cs,Scripts/03_Gameplay/Zombies/ImpZombie.cs,104,104,03_Gameplay/Zombies
Scripts/Glove.cs,Scripts/08_UI/Glove.cs,374,374,08_UI
Scripts/BobsledZombie.cs,Scripts/03_Gameplay/Zombies/BobsledZombie.cs,403,403,03_Gameplay/Zombies
Scripts/TeamType.cs,Scripts/09_Types/TeamType.cs,7,7,09_Types
Scripts/TwinSunflower.cs,Scripts/02_Gameplay/Plants/TwinSunflower.cs,107,107,02_Gameplay/Plants
Scripts/SnorkleType.cs,Scripts/09_Types/SnorkleType.cs,5,5,09_Types
Scripts/Acvname.cs,Scripts/09_Types/Acvname.cs,20,20,09_Types
Scripts/LVInfo.cs,Scripts/01_Gameplay/World/LVInfo.cs,24,24,01_Gameplay/World
Scripts/PeaShooterZombie.cs,Scripts/03_Gameplay/Zombies/PeaShooterZombie.cs,71,71,03_Gameplay/Zombies
Scripts/Kernal.cs,Scripts/02_Gameplay/Plants/Kernal.cs,20,20,02_Gameplay/Plants
Scripts/RainCircle.cs,Scripts/04_Gameplay/CombatEffects/RainCircle.cs,9,9,04_Gameplay/CombatEffects
Scripts/LV2.cs,Scripts/01_Gameplay/World/LV2.cs,216,216,01_Gameplay/World
Scripts/Cabbage.cs,Scripts/02_Gameplay/Plants/Cabbage.cs,18,18,02_Gameplay/Plants
Scripts/Polevaulter.cs,Scripts/03_Gameplay/Zombies/Polevaulter.cs,229,229,03_Gameplay/Zombies
Scripts/EquipDropEF.cs,Scripts/04_Gameplay/CombatEffects/EquipDropEF.cs,69,69,04_Gameplay/CombatEffects
Scripts/EnergyBall.cs,Scripts/04_Gameplay/CombatEffects/EnergyBall.cs,108,108,04_Gameplay/CombatEffects
Scripts/JackboxZombie.cs,Scripts/03_Gameplay/Zombies/JackboxZombie.cs,221,221,03_Gameplay/Zombies
Scripts/Gravebuster.cs,Scripts/02_Gameplay/Plants/Gravebuster.cs,60,60,02_Gameplay/Plants
Scripts/FadeEffPanel.cs,Scripts/08_UI/FadeEffPanel.cs,74,74,08_UI
Scripts/Obstacle.cs,Scripts/01_Gameplay/World/Obstacle.cs,39,39,01_Gameplay/World
Scripts/Allcoin.cs,Scripts/00_Core/Allcoin.cs,177,177,00_Core
Scripts/Star.cs,Scripts/04_Gameplay/CombatEffects/Star.cs,170,170,04_Gameplay/CombatEffects
Scripts/Crater.cs,Scripts/01_Gameplay/World/Crater.cs,65,65,01_Gameplay/World
Scripts/BigGreenStar.cs,Scripts/04_Gameplay/CombatEffects/BigGreenStar.cs,173,173,04_Gameplay/CombatEffects
Scripts/CatapultZombie.cs,Scripts/03_Gameplay/Zombies/CatapultZombie.cs,393,393,03_Gameplay/Zombies
Scripts/ZombieAnimEvent.cs,Scripts/03_Gameplay/Zombies/ZombieAnimEvent.cs,87,87,03_Gameplay/Zombies
Scripts/PogoZombie.cs,Scripts/03_Gameplay/Zombies/PogoZombie.cs,279,279,03_Gameplay/Zombies
Scripts/BungiZombieType.cs,Scripts/09_Types/BungiZombieType.cs,5,5,09_Types
Scripts/IZombieBrain.cs,Scripts/03_Gameplay/Zombies/IZombieBrain.cs,33,33,03_Gameplay/Zombies
Scripts/FumeParticle.cs,Scripts/04_Gameplay/CombatEffects/FumeParticle.cs,17,17,04_Gameplay/CombatEffects
Scripts/StarveZombie.cs,Scripts/03_Gameplay/Zombies/StarveZombie.cs,136,136,03_Gameplay/Zombies
Scripts/OutChatTextGroup.cs,Scripts/05_Multiplayer/OutChatTextGroup.cs,84,84,05_Multiplayer
Scripts/DancerZombie.cs,Scripts/03_Gameplay/Zombies/DancerZombie.cs,264,264,03_Gameplay/Zombies
Scripts/PlantType.cs,Scripts/09_Types/PlantType.cs,66,66,09_Types
Scripts/PoolCleaner.cs,Scripts/01_Gameplay/World/PoolCleaner.cs,34,34,01_Gameplay/World
Scripts/Fume.cs,Scripts/04_Gameplay/CombatEffects/Fume.cs,14,14,04_Gameplay/CombatEffects
Scripts/Melonpult.cs,Scripts/02_Gameplay/Plants/Melonpult.cs,94,94,02_Gameplay/Plants
Scripts/SnowPea.cs,Scripts/04_Gameplay/CombatEffects/SnowPea.cs,171,171,04_Gameplay/CombatEffects
Scripts/FirePea.cs,Scripts/04_Gameplay/CombatEffects/FirePea.cs,179,179,04_Gameplay/CombatEffects
Scripts/Grid.cs,Scripts/01_Gameplay/World/Grid.cs,440,440,01_Gameplay/World
Scripts/Yeti.cs,Scripts/03_Gameplay/Zombies/Yeti.cs,115,115,03_Gameplay/Zombies
Scripts/CobCannonTarget.cs,Scripts/04_Gameplay/CombatEffects/CobCannonTarget.cs,75,75,04_Gameplay/CombatEffects
Scripts/CannonCob.cs,Scripts/02_Gameplay/Plants/CannonCob.cs,136,136,02_Gameplay/Plants
Scripts/WallNut.cs,Scripts/02_Gameplay/Plants/WallNut.cs,416,416,02_Gameplay/Plants
Scripts/SynItemType.cs,Scripts/09_Types/SynItemType.cs,10,10,09_Types
Scripts/Cattail.cs,Scripts/02_Gameplay/Plants/Cattail.cs,95,95,02_Gameplay/Plants
Scripts/Diamond.cs,Scripts/00_Core/Diamond.cs,12,12,00_Core
Scripts/HeadDropEF.cs,Scripts/04_Gameplay/CombatEffects/HeadDropEF.cs,122,122,04_Gameplay/CombatEffects
Scripts/CustomScence.cs,Scripts/07_StartScene/CustomScence.cs,49,49,07_StartScene
Scripts/SteelWheel.cs,Scripts/01_Gameplay/World/SteelWheel.cs,112,112,01_Gameplay/World
Scripts/Booty.cs,Scripts/00_Core/Booty.cs,223,223,00_Core
Scripts/StatsEnum.cs,Scripts/09_Types/StatsEnum.cs,22,22,09_Types
Scripts/CardType.cs,Scripts/09_Types/CardType.cs,25,25,09_Types
Scripts/Cactus.cs,Scripts/02_Gameplay/Plants/Cactus.cs,132,132,02_Gameplay/Plants
Scripts/Garlic.cs,Scripts/02_Gameplay/Plants/Garlic.cs,82,82,02_Gameplay/Plants
Scripts/LogPanel.cs,Scripts/08_UI/LogPanel.cs,44,44,08_UI
Scripts/SunShroom.cs,Scripts/02_Gameplay/Plants/SunShroom.cs,121,121,02_Gameplay/Plants
Scripts/LadderZombie.cs,Scripts/03_Gameplay/Zombies/LadderZombie.cs,231,231,03_Gameplay/Zombies
Scripts/BungiZombie.cs,Scripts/03_Gameplay/Zombies/BungiZombie.cs,457,457,03_Gameplay/Zombies
Scripts/Blover.cs,Scripts/02_Gameplay/Plants/Blover.cs,102,102,02_Gameplay/Plants
Scripts/SlotMachine.cs,Scripts/08_UI/SlotMachine.cs,677,677,08_UI
Scripts/SocketClient.cs,Scripts/05_Multiplayer/SocketClient.cs,1604,1604,05_Multiplayer
Scripts/JalapenoFire.cs,Scripts/04_Gameplay/CombatEffects/JalapenoFire.cs,24,24,04_Gameplay/CombatEffects
Scripts/StatsManager.cs,Scripts/00_Core/StatsManager.cs,379,379,00_Core
Scripts/OnlineSeedBank.cs,Scripts/05_Multiplayer/OnlineSeedBank.cs,566,566,05_Multiplayer
Scripts/GobalEffManager.cs,Scripts/00_Core/GobalEffManager.cs,151,151,00_Core
Scripts/Gargantuar.cs,Scripts/03_Gameplay/Zombies/Gargantuar.cs,500,500,03_Gameplay/Zombies
Scripts/Lightning.cs,Scripts/01_Gameplay/World/Lightning.cs,102,102,01_Gameplay/World
Scripts/SwampZombieType.cs,Scripts/09_Types/SwampZombieType.cs,12,12,09_Types
Scripts/Splash.cs,Scripts/04_Gameplay/CombatEffects/Splash.cs,31,31,04_Gameplay/CombatEffects
Scripts/Marigold.cs,Scripts/02_Gameplay/Plants/Marigold.cs,25,25,02_Gameplay/Plants
Scripts/MelonParticle.cs,Scripts/04_Gameplay/CombatEffects/MelonParticle.cs,17,17,04_Gameplay/CombatEffects
Scripts/TileType.cs,Scripts/09_Types/TileType.cs,7,7,09_Types
Scripts/IceShroomZombie.cs,Scripts/03_Gameplay/Zombies/IceShroomZombie.cs,103,103,03_Gameplay/Zombies
Scripts/GoOtherMap.cs,Scripts/01_Gameplay/World/GoOtherMap.cs,154,154,01_Gameplay/World
Scripts/PlayerManager.cs,Scripts/05_Multiplayer/PlayerManager.cs,500,500,05_Multiplayer
Scripts/PlantZombieAnimEvent.cs,Scripts/02_Gameplay/Plants/PlantZombieAnimEvent.cs,36,36,02_Gameplay/Plants
Scripts/ArmDropParticle.cs,Scripts/04_Gameplay/CombatEffects/ArmDropParticle.cs,23,23,04_Gameplay/CombatEffects
Scripts/LVFlag.cs,Scripts/01_Gameplay/World/LVFlag.cs,38,38,01_Gameplay/World
Scripts/MailboxTable.cs,Scripts/08_UI/MailboxTable.cs,29,29,08_UI
Scripts/GobalEffect.cs,Scripts/09_Types/GobalEffect.cs,7,7,09_Types
Scripts/CardState.cs,Scripts/09_Types/CardState.cs,7,7,09_Types
Scripts/SeedChooser.cs,Scripts/08_UI/SeedChooser.cs,524,524,08_UI
Scripts/LvItemManager.cs,Scripts/01_Gameplay/World/LvItemManager.cs,236,236,01_Gameplay/World
Scripts/SnowpeaParticle.cs,Scripts/04_Gameplay/CombatEffects/SnowpeaParticle.cs,24,24,04_Gameplay/CombatEffects
Scripts/MapWall.cs,Scripts/01_Gameplay/World/MapWall.cs,33,33,01_Gameplay/World
Scripts/SunType.cs,Scripts/09_Types/SunType.cs,6,6,09_Types
Scripts/MapType.cs,Scripts/09_Types/MapType.cs,12,12,09_Types
Scripts/CornpultZombie.cs,Scripts/03_Gameplay/Zombies/CornpultZombie.cs,12,5,03_Gameplay/Zombies
Scripts/UIPlantCardNC.cs,Scripts/08_UI/UIPlantCardNC.cs,235,235,08_UI
Scripts/ZombieManager.cs,Scripts/00_Core/ZombieManager.cs,1983,1983,00_Core
Scripts/SunflowerZombie.cs,Scripts/03_Gameplay/Zombies/SunflowerZombie.cs,91,91,03_Gameplay/Zombies
Scripts/GatlingZombie.cs,Scripts/03_Gameplay/Zombies/GatlingZombie.cs,94,94,03_Gameplay/Zombies
Scripts/Sun.cs,Scripts/00_Core/Sun.cs,654,654,00_Core
Scripts/PvPButton.cs,Scripts/05_Multiplayer/PvPButton.cs,43,43,05_Multiplayer
Scripts/CreatePanel.cs,Scripts/08_UI/CreatePanel.cs,1207,1207,08_UI
Scripts/FumeShroomZombie.cs,Scripts/03_Gameplay/Zombies/FumeShroomZombie.cs,96,96,03_Gameplay/Zombies
Scripts/CatapultZombieType.cs,Scripts/09_Types/CatapultZombieType.cs,5,5,09_Types
Scripts/MeltTorch.cs,Scripts/02_Gameplay/Plants/MeltTorch.cs,161,161,02_Gameplay/Plants
Scripts/JellyShroom.cs,Scripts/02_Gameplay/Plants/JellyShroom.cs,147,147,02_Gameplay/Plants
Scripts/CobCannon.cs,Scripts/02_Gameplay/Plants/CobCannon.cs,393,393,02_Gameplay/Plants
Scripts/BackYard.cs,Scripts/01_Gameplay/World/BackYard.cs,873,873,01_Gameplay/World
Scripts/ReConnect.cs,Scripts/05_Multiplayer/ReConnect.cs,89,89,05_Multiplayer
Scripts/Mint.cs,Scripts/02_Gameplay/Plants/Mint.cs,83,83,02_Gameplay/Plants
Scripts/FutureWeather.cs,Scripts/01_Gameplay/World/FutureWeather.cs,38,38,01_Gameplay/World
Scripts/AddUser.cs,Scripts/00_Core/AddUser.cs,189,189,00_Core
Scripts/ZombieOutGround.cs,Scripts/03_Gameplay/Zombies/ZombieOutGround.cs,77,77,03_Gameplay/Zombies
Scripts/Repeater.cs,Scripts/02_Gameplay/Plants/Repeater.cs,101,101,02_Gameplay/Plants
Scripts/TallnutZombie.cs,Scripts/03_Gameplay/Zombies/TallnutZombie.cs,45,45,03_Gameplay/Zombies
Scripts/FootballZombieType.cs,Scripts/09_Types/FootballZombieType.cs,5,5,09_Types
Scripts/RoadrollerZombie.cs,Scripts/03_Gameplay/Zombies/RoadrollerZombie.cs,174,174,03_Gameplay/Zombies
Scripts/ShrromCircleParticle.cs,Scripts/04_Gameplay/CombatEffects/ShrromCircleParticle.cs,17,17,04_Gameplay/CombatEffects
Scripts/CharredDigger.cs,Scripts/03_Gameplay/Zombies/CharredDigger.cs,14,14,03_Gameplay/Zombies
Scripts/Goldcoin.cs,Scripts/00_Core/Goldcoin.cs,12,12,00_Core
Scripts/RottenImitater.cs,Scripts/02_Gameplay/Plants/RottenImitater.cs,155,155,02_Gameplay/Plants
Scripts/SubLv.cs,Scripts/01_Gameplay/World/SubLv.cs,58,58,01_Gameplay/World
Scripts/Cage.cs,Scripts/04_Gameplay/CombatEffects/Cage.cs,122,122,04_Gameplay/CombatEffects
Scripts/BloverZombie.cs,Scripts/03_Gameplay/Zombies/BloverZombie.cs,27,27,03_Gameplay/Zombies
Scripts/SaveOption.cs,Scripts/08_UI/SaveOption.cs,118,118,08_UI
Scripts/ArmDropEF.cs,Scripts/04_Gameplay/CombatEffects/ArmDropEF.cs,104,104,04_Gameplay/CombatEffects
Scripts/CharredZombie1.cs,Scripts/03_Gameplay/Zombies/CharredZombie1.cs,98,98,03_Gameplay/Zombies
Scripts/StarParticle.cs,Scripts/04_Gameplay/CombatEffects/StarParticle.cs,24,24,04_Gameplay/CombatEffects
Scripts/PotatoParticle.cs,Scripts/04_Gameplay/CombatEffects/PotatoParticle.cs,30,30,04_Gameplay/CombatEffects
Scripts/Ghost.cs,Scripts/03_Gameplay/Zombies/Ghost.cs,108,108,03_Gameplay/Zombies
Scripts/PvPTarget.cs,Scripts/03_Gameplay/Zombies/PvPTarget.cs,102,102,03_Gameplay/Zombies
Scripts/Snow.cs,Scripts/01_Gameplay/World/Snow.cs,267,267,01_Gameplay/World
Scripts/ConveyorBelt.cs,Scripts/08_UI/ConveyorBelt.cs,119,119,08_UI
Scripts/Timetable.cs,Scripts/01_Gameplay/World/Timetable.cs,315,315,01_Gameplay/World
Scripts/Melon.cs,Scripts/02_Gameplay/Plants/Melon.cs,38,38,02_Gameplay/Plants
Scripts/Heronsbill.cs,Scripts/02_Gameplay/Plants/Heronsbill.cs,81,81,02_Gameplay/Plants
Scripts/CustomLevelPanel.cs,Scripts/08_UI/CustomLevelPanel.cs,522,522,08_UI
Scripts/Butter.cs,Scripts/04_Gameplay/CombatEffects/Butter.cs,21,21,04_Gameplay/CombatEffects
Scripts/EquipDropParticle.cs,Scripts/04_Gameplay/CombatEffects/EquipDropParticle.cs,26,26,04_Gameplay/CombatEffects
Scripts/MultiplayerBtn.cs,Scripts/05_Multiplayer/MultiplayerBtn.cs,46,46,05_Multiplayer
Scripts/EditUser.cs,Scripts/00_Core/EditUser.cs,62,62,00_Core
Scripts/MapManager.cs,Scripts/01_Gameplay/World/MapManager.cs,1189,1184,01_Gameplay/World
Scripts/MeltPea.cs,Scripts/04_Gameplay/CombatEffects/MeltPea.cs,188,188,04_Gameplay/CombatEffects
Scripts/SwampGargantuarType.cs,Scripts/09_Types/SwampGargantuarType.cs,7,7,09_Types
Scripts/FootballZombie.cs,Scripts/03_Gameplay/Zombies/FootballZombie.cs,157,157,03_Gameplay/Zombies
Scripts/Spike.cs,Scripts/02_Gameplay/Plants/Spike.cs,60,60,02_Gameplay/Plants
Scripts/SeedBank.cs,Scripts/08_UI/SeedBank.cs,2425,2425,08_UI
Scripts/LVType.cs,Scripts/09_Types/LVType.cs,7,7,09_Types
Scripts/GatlingPea.cs,Scripts/02_Gameplay/Plants/GatlingPea.cs,89,89,02_Gameplay/Plants
Scripts/NormalZombieType.cs,Scripts/09_Types/NormalZombieType.cs,18,18,09_Types
Scripts/DiggerZombie.cs,Scripts/03_Gameplay/Zombies/DiggerZombie.cs,274,274,03_Gameplay/Zombies
Scripts/Cornpult.cs,Scripts/02_Gameplay/Plants/Cornpult.cs,144,144,02_Gameplay/Plants
Scripts/Wintermelon.cs,Scripts/02_Gameplay/Plants/Wintermelon.cs,55,55,02_Gameplay/Plants
Scripts/MyTool.cs,Scripts/00_Core/MyTool.cs,182,182,00_Core
Scripts/SpawnCardType.cs,Scripts/09_Types/SpawnCardType.cs,7,7,09_Types
Scripts/SplitPea.cs,Scripts/02_Gameplay/Plants/SplitPea.cs,140,140,02_Gameplay/Plants
Scripts/DoomShroom.cs,Scripts/02_Gameplay/Plants/DoomShroom.cs,100,100,02_Gameplay/Plants
Scripts/Hepatica.cs,Scripts/02_Gameplay/Plants/Hepatica.cs,44,44,02_Gameplay/Plants
Scripts/BankType.cs,Scripts/09_Types/BankType.cs,7,7,09_Types
Scripts/Basketball.cs,Scripts/04_Gameplay/CombatEffects/Basketball.cs,166,166,04_Gameplay/CombatEffects
Scripts/MoonTombStone.cs,Scripts/02_Gameplay/Plants/MoonTombStone.cs,105,105,02_Gameplay/Plants
Scripts/StartButton.cs,Scripts/08_UI/StartButton.cs,256,256,08_UI
Scripts/BgmType.cs,Scripts/09_Types/BgmType.cs,19,19,09_Types
Scripts/HypnoShroom.cs,Scripts/02_Gameplay/Plants/HypnoShroom.cs,52,52,02_Gameplay/Plants
Scripts/Clematis.cs,Scripts/02_Gameplay/Plants/Clematis.cs,209,209,02_Gameplay/Plants
Scripts/BattlePlayerList.cs,Scripts/05_Multiplayer/BattlePlayerList.cs,1177,1177,05_Multiplayer
Scripts/HypnoShroomZombie.cs,Scripts/03_Gameplay/Zombies/HypnoShroomZombie.cs,28,28,03_Gameplay/Zombies
Scripts/JalapenoBoom.cs,Scripts/04_Gameplay/CombatEffects/JalapenoBoom.cs,49,49,04_Gameplay/CombatEffects
Scripts/UIPlantCard.cs,Scripts/08_UI/UIPlantCard.cs,553,553,08_UI
Scripts/CharredNormal.cs,Scripts/03_Gameplay/Zombies/CharredNormal.cs,6,6,03_Gameplay/Zombies
Scripts/GoldMagnet.cs,Scripts/02_Gameplay/Plants/GoldMagnet.cs,200,200,02_Gameplay/Plants
Scripts/CharredZomboni.cs,Scripts/03_Gameplay/Zombies/CharredZomboni.cs,6,6,03_Gameplay/Zombies
Scripts/AudioManager.cs,Scripts/00_Core/AudioManager.cs,666,666,00_Core
Scripts/CrazyDave.cs,Scripts/08_UI/CrazyDave.cs,87,87,08_UI
Scripts/PvPSelector.cs,Scripts/05_Multiplayer/PvPSelector.cs,518,518,05_Multiplayer
Scripts/LVSpState.cs,Scripts/09_Types/LVSpState.cs,15,15,09_Types
Scripts/Portal.cs,Scripts/01_Gameplay/World/Portal.cs,86,86,01_Gameplay/World
Scripts/ZombieBase.cs,Scripts/03_Gameplay/Zombies/ZombieBase.cs,2781,2781,03_Gameplay/Zombies
Scripts/SwampStone.cs,Scripts/01_Gameplay/World/SwampStone.cs,109,109,01_Gameplay/World
Scripts/WintermelonParticle.cs,Scripts/04_Gameplay/CombatEffects/WintermelonParticle.cs,17,17,04_Gameplay/CombatEffects
Scripts/Fog.cs,Scripts/01_Gameplay/World/Fog.cs,303,303,01_Gameplay/World
Scripts/CameraControl.cs,Scripts/00_Core/CameraControl.cs,222,222,00_Core
Scripts/MoreGameBackButton.cs,Scripts/08_UI/MoreGameBackButton.cs,33,33,08_UI
Scripts/LikeTmptType.cs,Scripts/09_Types/LikeTmptType.cs,6,6,09_Types
Scripts/ChangeUser.cs,Scripts/00_Core/ChangeUser.cs,109,109,00_Core
Scripts/WintermelonZombie.cs,Scripts/03_Gameplay/Zombies/WintermelonZombie.cs,101,101,03_Gameplay/Zombies
Scripts/NutParticle.cs,Scripts/04_Gameplay/CombatEffects/NutParticle.cs,17,17,04_Gameplay/CombatEffects
Scripts/WeatherType.cs,Scripts/09_Types/WeatherType.cs,10,10,09_Types
Scripts/MapSeries.cs,Scripts/09_Types/MapSeries.cs,7,7,09_Types
Scripts/MoreGameButton.cs,Scripts/08_UI/MoreGameButton.cs,29,29,08_UI
Scripts/HailParticle.cs,Scripts/04_Gameplay/CombatEffects/HailParticle.cs,15,15,04_Gameplay/CombatEffects
Scripts/PvpYard.cs,Scripts/05_Multiplayer/PvpYard.cs,227,227,05_Multiplayer
Scripts/Torchwood.cs,Scripts/02_Gameplay/Plants/Torchwood.cs,86,86,02_Gameplay/Plants
Scripts/PlantManager.cs,Scripts/00_Core/PlantManager.cs,457,457,00_Core
Scripts/PlantBase.cs,Scripts/02_Gameplay/Plants/PlantBase.cs,1977,1977,02_Gameplay/Plants
Scripts/BalloonZombie.cs,Scripts/03_Gameplay/Zombies/BalloonZombie.cs,128,128,03_Gameplay/Zombies
Scripts/ZombieType.cs,Scripts/09_Types/ZombieType.cs,94,94,09_Types
Scripts/ZombieState.cs,Scripts/09_Types/ZombieState.cs,7,7,09_Types
Scripts/EFAudio.cs,Scripts/00_Core/EFAudio.cs,30,30,00_Core
Scripts/GridSelector.cs,Scripts/01_Gameplay/World/GridSelector.cs,53,53,01_Gameplay/World
Scripts/ShroomPuff.cs,Scripts/04_Gameplay/CombatEffects/ShroomPuff.cs,113,113,04_Gameplay/CombatEffects
Scripts/MapCloud.cs,Scripts/01_Gameplay/World/MapCloud.cs,80,80,01_Gameplay/World
Scripts/PlayerShow.cs,Scripts/05_Multiplayer/PlayerShow.cs,76,76,05_Multiplayer
Scripts/DolphinriderZombie.cs,Scripts/03_Gameplay/Zombies/DolphinriderZombie.cs,299,299,03_Gameplay/Zombies
Scripts/GraveStone.cs,Scripts/01_Gameplay/World/GraveStone.cs,59,59,01_Gameplay/World
Scripts/CustomMapPanel.cs,Scripts/01_Gameplay/World/CustomMapPanel.cs,194,194,01_Gameplay/World
Scripts/BobsledType.cs,Scripts/09_Types/BobsledType.cs,7,7,09_Types
Scripts/GloomShroomZombie.cs,Scripts/03_Gameplay/Zombies/GloomShroomZombie.cs,60,60,03_Gameplay/Zombies
Scripts/Glowstarfruit.cs,Scripts/02_Gameplay/Plants/Glowstarfruit.cs,262,262,02_Gameplay/Plants
Scripts/SetPanel.cs,Scripts/08_UI/SetPanel.cs,767,767,08_UI
Scripts/Pea.cs,Scripts/04_Gameplay/CombatEffects/Pea.cs,207,207,04_Gameplay/CombatEffects
Scripts/Thron.cs,Scripts/04_Gameplay/CombatEffects/Thron.cs,125,125,04_Gameplay/CombatEffects
Scripts/SeedCChangePage.cs,Scripts/08_UI/SeedCChangePage.cs,43,43,08_UI
Scripts/SkyManager.cs,Scripts/01_Gameplay/World/SkyManager.cs,2057,2057,01_Gameplay/World
Scripts/SwampFront.cs,Scripts/01_Gameplay/World/SwampFront.cs,387,387,01_Gameplay/World
Scripts/SnorkleZombie.cs,Scripts/03_Gameplay/Zombies/SnorkleZombie.cs,224,224,03_Gameplay/Zombies
Scripts/SeedBankType.cs,Scripts/09_Types/SeedBankType.cs,6,6,09_Types
Scripts/PeaParticle.cs,Scripts/04_Gameplay/CombatEffects/PeaParticle.cs,24,24,04_Gameplay/CombatEffects
Scripts/CustomSaveOption.cs,Scripts/08_UI/CustomSaveOption.cs,80,80,08_UI
Scripts/AcvmentManager.cs,Scripts/08_UI/AcvmentManager.cs,456,456,08_UI
Scripts/WinterMelonpult.cs,Scripts/02_Gameplay/Plants/WinterMelonpult.cs,104,104,02_Gameplay/Plants
Scripts/Pumpkin.cs,Scripts/02_Gameplay/Plants/Pumpkin.cs,155,155,02_Gameplay/Plants
Scripts/MultiplayerButton.cs,Scripts/05_Multiplayer/MultiplayerButton.cs,48,48,05_Multiplayer
Scripts/LVStartEF.cs,Scripts/04_Gameplay/CombatEffects/LVStartEF.cs,83,83,04_Gameplay/CombatEffects
Scripts/CustomTile.cs,Scripts/01_Gameplay/World/CustomTile.cs,167,167,01_Gameplay/World
Scripts/FlagMeter.cs,Scripts/01_Gameplay/World/FlagMeter.cs,609,609,01_Gameplay/World
Scripts/LevelDisPlay.cs,Scripts/08_UI/LevelDisPlay.cs,219,219,08_UI
Scripts/Zamboni.cs,Scripts/03_Gameplay/Zombies/Zamboni.cs,228,228,03_Gameplay/Zombies
Scripts/GobalLight.cs,Scripts/01_Gameplay/World/GobalLight.cs,211,211,01_Gameplay/World
Scripts/PoolManager.cs,Scripts/01_Gameplay/World/PoolManager.cs,88,88,01_Gameplay/World
Scripts/SnowRepeaterZombie.cs,Scripts/03_Gameplay/Zombies/SnowRepeaterZombie.cs,89,89,03_Gameplay/Zombies
Scripts/TransformUtility.cs,Scripts/00_Core/TransformUtility.cs,38,38,00_Core
Scripts/CharredZombie.cs,Scripts/03_Gameplay/Zombies/CharredZombie.cs,42,42,03_Gameplay/Zombies
Scripts/CustomYard.cs,Scripts/01_Gameplay/World/CustomYard.cs,817,817,01_Gameplay/World
Scripts/StarfruitZombie.cs,Scripts/03_Gameplay/Zombies/StarfruitZombie.cs,67,67,03_Gameplay/Zombies
Scripts/CharredImp.cs,Scripts/03_Gameplay/Zombies/CharredImp.cs,6,6,03_Gameplay/Zombies
Scripts/SunFlower.cs,Scripts/02_Gameplay/Plants/SunFlower.cs,108,108,02_Gameplay/Plants
Scripts/PotatoMine.cs,Scripts/02_Gameplay/Plants/PotatoMine.cs,147,147,02_Gameplay/Plants
Scripts/CharredGargantuar.cs,Scripts/03_Gameplay/Zombies/CharredGargantuar.cs,17,17,03_Gameplay/Zombies
Scripts/BackSwamp.cs,Scripts/01_Gameplay/World/BackSwamp.cs,469,469,01_Gameplay/World
Scripts/NextWaveBtn.cs,Scripts/08_UI/NextWaveBtn.cs,65,65,08_UI
Scripts/Iceroad.cs,Scripts/01_Gameplay/World/Iceroad.cs,114,114,01_Gameplay/World
Scripts/Jalapeno.cs,Scripts/02_Gameplay/Plants/Jalapeno.cs,133,133,02_Gameplay/Plants
Scripts/GargantuarType.cs,Scripts/09_Types/GargantuarType.cs,8,8,09_Types
Scripts/IceShroom.cs,Scripts/02_Gameplay/Plants/IceShroom.cs,86,86,02_Gameplay/Plants
Scripts/ZombieHeadParticle.cs,Scripts/04_Gameplay/CombatEffects/ZombieHeadParticle.cs,47,47,04_Gameplay/CombatEffects
Scripts/EdgeJump.cs,Scripts/04_Gameplay/CombatEffects/EdgeJump.cs,30,30,04_Gameplay/CombatEffects
Scripts/ConfirmPanel.cs,Scripts/08_UI/ConfirmPanel.cs,45,45,08_UI
Scripts/Puddle.cs,Scripts/01_Gameplay/World/Puddle.cs,107,107,01_Gameplay/World
Scripts/SunPlantBase.cs,Scripts/00_Core/SunPlantBase.cs,5,5,00_Core
Scripts/RainSplash.cs,Scripts/04_Gameplay/CombatEffects/RainSplash.cs,9,9,04_Gameplay/CombatEffects
Scripts/SpikeRock.cs,Scripts/02_Gameplay/Plants/SpikeRock.cs,146,146,02_Gameplay/Plants
Scripts/LV.cs,Scripts/01_Gameplay/World/LV.cs,13055,13055,01_Gameplay/World
Scripts/Sled.cs,Scripts/01_Gameplay/World/Sled.cs,123,123,01_Gameplay/World
Scripts/Zombie.cs,Scripts/03_Gameplay/Zombies/Zombie.cs,625,625,03_Gameplay/Zombies
Scripts/SnowpeaShooterZombie.cs,Scripts/03_Gameplay/Zombies/SnowpeaShooterZombie.cs,76,76,03_Gameplay/Zombies
Scripts/SkipRestBtn.cs,Scripts/08_UI/SkipRestBtn.cs,59,59,08_UI
Scripts/AudioConf.cs,Scripts/00_Core/AudioConf.cs,361,361,00_Core
Scripts/SwampGargantuar.cs,Scripts/03_Gameplay/Zombies/SwampGargantuar.cs,499,499,03_Gameplay/Zombies
Scripts/CabbagepultZombie.cs,Scripts/03_Gameplay/Zombies/CabbagepultZombie.cs,98,98,03_Gameplay/Zombies
Scripts/Cherry.cs,Scripts/02_Gameplay/Plants/Cherry.cs,137,137,02_Gameplay/Plants
Scripts/Coffeebean.cs,Scripts/02_Gameplay/Plants/Coffeebean.cs,114,114,02_Gameplay/Plants
Scripts/SnowpeaShooter.cs,Scripts/02_Gameplay/Plants/SnowpeaShooter.cs,79,79,02_Gameplay/Plants
Scripts/LevelSelector.cs,Scripts/08_UI/LevelSelector.cs,589,589,08_UI
Scripts/RepeaterZombie.cs,Scripts/03_Gameplay/Zombies/RepeaterZombie.cs,86,86,03_Gameplay/Zombies
Scripts/ScaredyShroom.cs,Scripts/02_Gameplay/Plants/ScaredyShroom.cs,134,134,02_Gameplay/Plants
Scripts/PuffPaticle.cs,Scripts/04_Gameplay/CombatEffects/PuffPaticle.cs,17,17,04_Gameplay/CombatEffects
Scripts/Imitater.cs,Scripts/02_Gameplay/Plants/Imitater.cs,88,88,02_Gameplay/Plants
Scripts/SpItem.cs,Scripts/09_Types/SpItem.cs,8,8,09_Types
Scripts/PlantAnimEvent.cs,Scripts/02_Gameplay/Plants/PlantAnimEvent.cs,45,45,02_Gameplay/Plants
Scripts/SocketSave/ConnectInfo.cs,Scripts/05_Multiplayer/Messages/ConnectInfo.cs,7,7,05_Multiplayer/Messages
Scripts/SocketSave/PvPTeamList.cs,Scripts/05_Multiplayer/Messages/PvPTeamList.cs,11,11,05_Multiplayer/Messages
Scripts/SocketSave/CommandBag.cs,Scripts/05_Multiplayer/Messages/CommandBag.cs,24,24,05_Multiplayer/Messages
Scripts/SocketSave/MeltSpawn.cs,Scripts/05_Multiplayer/Messages/MeltSpawn.cs,13,13,05_Multiplayer/Messages
Scripts/SocketSave/PlantPreview.cs,Scripts/05_Multiplayer/Messages/PlantPreview.cs,17,17,05_Multiplayer/Messages
Scripts/SocketSave/PlayerInfo.cs,Scripts/05_Multiplayer/Messages/PlayerInfo.cs,20,20,05_Multiplayer/Messages
Scripts/SocketSave/LoadLVBag.cs,Scripts/05_Multiplayer/Messages/LoadLVBag.cs,41,41,05_Multiplayer/Messages
Scripts/SocketSave/ClickedSun.cs,Scripts/05_Multiplayer/Messages/ClickedSun.cs,13,13,05_Multiplayer/Messages
Scripts/SocketSave/ZombieSpawn.cs,Scripts/05_Multiplayer/Messages/ZombieSpawn.cs,23,23,05_Multiplayer/Messages
Scripts/SocketSave/PlantSpawn.cs,Scripts/05_Multiplayer/Messages/PlantSpawn.cs,21,21,05_Multiplayer/Messages
Scripts/SocketSave/LightingSpawn.cs,Scripts/05_Multiplayer/Messages/LightingSpawn.cs,11,11,05_Multiplayer/Messages
Scripts/SocketSave/PlayerMap.cs,Scripts/05_Multiplayer/Messages/PlayerMap.cs,11,11,05_Multiplayer/Messages
Scripts/SocketSave/SelectPrepare.cs,Scripts/05_Multiplayer/Messages/SelectPrepare.cs,9,9,05_Multiplayer/Messages
Scripts/SocketSave/AddCardBag.cs,Scripts/05_Multiplayer/Messages/AddCardBag.cs,9,9,05_Multiplayer/Messages
Scripts/SocketSave/WaitReconnectBag.cs,Scripts/05_Multiplayer/Messages/WaitReconnectBag.cs,9,9,05_Multiplayer/Messages
Scripts/SocketSave/VaseSpawn.cs,Scripts/05_Multiplayer/Messages/VaseSpawn.cs,13,13,05_Multiplayer/Messages
Scripts/SocketSave/GetAcvment.cs,Scripts/05_Multiplayer/Messages/GetAcvment.cs,7,7,05_Multiplayer/Messages
Scripts/SocketSave/WaveComing.cs,Scripts/05_Multiplayer/Messages/WaveComing.cs,12,12,05_Multiplayer/Messages
Scripts/SocketSave/ZombieSpawnApply.cs,Scripts/05_Multiplayer/Messages/ZombieSpawnApply.cs,19,19,05_Multiplayer/Messages
Scripts/SocketSave/ReConnectInfo.cs,Scripts/05_Multiplayer/Messages/ReConnectInfo.cs,11,11,05_Multiplayer/Messages
Scripts/SocketSave/JoinTeamApply.cs,Scripts/05_Multiplayer/Messages/JoinTeamApply.cs,7,7,05_Multiplayer/Messages
Scripts/SocketSave/PvPModeSyn.cs,Scripts/05_Multiplayer/Messages/PvPModeSyn.cs,7,7,05_Multiplayer/Messages
Scripts/SocketSave/FlagMeterSyn.cs,Scripts/05_Multiplayer/Messages/FlagMeterSyn.cs,15,15,05_Multiplayer/Messages
Scripts/SocketSave/GraveStoneSpawn.cs,Scripts/05_Multiplayer/Messages/GraveStoneSpawn.cs,15,15,05_Multiplayer/Messages
Scripts/SocketSave/ToolApply.cs,Scripts/05_Multiplayer/Messages/ToolApply.cs,19,19,05_Multiplayer/Messages
Scripts/SocketSave/CardSpawn.cs,Scripts/05_Multiplayer/Messages/CardSpawn.cs,17,17,05_Multiplayer/Messages
Scripts/SocketSave/SynBooty.cs,Scripts/05_Multiplayer/Messages/SynBooty.cs,21,21,05_Multiplayer/Messages
Scripts/SocketSave/JoinSpecApply.cs,Scripts/05_Multiplayer/Messages/JoinSpecApply.cs,7,7,05_Multiplayer/Messages
Scripts/SocketSave/SlotMchBag.cs,Scripts/05_Multiplayer/Messages/SlotMchBag.cs,13,13,05_Multiplayer/Messages
Scripts/SocketSave/GameOver.cs,Scripts/05_Multiplayer/Messages/GameOver.cs,13,13,05_Multiplayer/Messages
Scripts/SocketSave/SunNumBag.cs,Scripts/05_Multiplayer/Messages/SunNumBag.cs,14,14,05_Multiplayer/Messages
Scripts/SocketSave/ShovelPreview.cs,Scripts/05_Multiplayer/Messages/ShovelPreview.cs,15,15,05_Multiplayer/Messages
Scripts/SocketSave/PortalSpawn.cs,Scripts/05_Multiplayer/Messages/PortalSpawn.cs,14,14,05_Multiplayer/Messages
Scripts/SocketSave/SunSpawn.cs,Scripts/05_Multiplayer/Messages/SunSpawn.cs,21,21,05_Multiplayer/Messages
Scripts/SocketSave/SynMap.cs,Scripts/05_Multiplayer/Messages/SynMap.cs,17,17,05_Multiplayer/Messages
Scripts/SocketSave/WeatherChange.cs,Scripts/05_Multiplayer/Messages/WeatherChange.cs,16,16,05_Multiplayer/Messages
Scripts/SocketSave/SynGrid.cs,Scripts/05_Multiplayer/Messages/SynGrid.cs,13,13,05_Multiplayer/Messages
Scripts/SocketSave/TimeCmd.cs,Scripts/05_Multiplayer/Messages/TimeCmd.cs,10,10,05_Multiplayer/Messages
Scripts/SocketSave/SelectCard.cs,Scripts/05_Multiplayer/Messages/SelectCard.cs,17,17,05_Multiplayer/Messages
Scripts/SocketSave/PrivateChatMsg.cs,Scripts/05_Multiplayer/Messages/PrivateChatMsg.cs,9,9,05_Multiplayer/Messages
Scripts/SocketSave/SynItem.cs,Scripts/05_Multiplayer/Messages/SynItem.cs,19,19,05_Multiplayer/Messages
Scripts/SocketSave/FallHailSpawn.cs,Scripts/05_Multiplayer/Messages/FallHailSpawn.cs,13,13,05_Multiplayer/Messages
Scripts/SocketSave/PuddleSpawn.cs,Scripts/05_Multiplayer/Messages/PuddleSpawn.cs,16,16,05_Multiplayer/Messages
Scripts/SocketSave/ZombiePreview.cs,Scripts/05_Multiplayer/Messages/ZombiePreview.cs,17,17,05_Multiplayer/Messages
Scripts/SocketSave/UpdateCardCD.cs,Scripts/05_Multiplayer/Messages/UpdateCardCD.cs,14,14,05_Multiplayer/Messages
Scripts/SocketSave/TimetableSyn.cs,Scripts/05_Multiplayer/Messages/TimetableSyn.cs,13,13,05_Multiplayer/Messages
Scripts/SocketSave/SpectList.cs,Scripts/05_Multiplayer/Messages/SpectList.cs,9,9,05_Multiplayer/Messages
Scripts/SocketSave/OnlinePlayerInfo.cs,Scripts/05_Multiplayer/Messages/OnlinePlayerInfo.cs,13,13,05_Multiplayer/Messages
Scripts/Properties/AssemblyInfo.cs,Scripts/99_Meta/Properties/AssemblyInfo.cs,5,5,99_Meta/Properties
Scripts/Reanim2UnityAnim/UniqueMaterialController.cs,Scripts/11_Framework/Reanim2UnityAnim/UniqueMaterialController.cs,18,18,11_Framework/Reanim2UnityAnim
Scripts/StartScene/JoinButton.cs,Scripts/07_StartScene/JoinButton.cs,32,32,07_StartScene
Scripts/StartScene/StoreButton.cs,Scripts/07_StartScene/StoreButton.cs,53,53,07_StartScene
Scripts/StartScene/AlmcPlantLoader.cs,Scripts/07_StartScene/AlmcPlantLoader.cs,585,585,07_StartScene
Scripts/StartScene/AlmanacAllBtn.cs,Scripts/07_StartScene/AlmanacAllBtn.cs,78,78,07_StartScene
Scripts/StartScene/StoreScence.cs,Scripts/07_StartScene/StoreScence.cs,194,194,07_StartScene
Scripts/StartScene/MultiplayerBackButton.cs,Scripts/07_StartScene/MultiplayerBackButton.cs,32,32,07_StartScene
Scripts/StartScene/AlmanacCardSlot.cs,Scripts/07_StartScene/AlmanacCardSlot.cs,91,91,07_StartScene
Scripts/StartScene/StoreGoods.cs,Scripts/07_StartScene/StoreGoods.cs,388,388,07_StartScene
Scripts/StartScene/MapStoneBase.cs,Scripts/07_StartScene/MapStoneBase.cs,58,58,07_StartScene
Scripts/StartScene/SelectMap.cs,Scripts/07_StartScene/SelectMap.cs,140,140,07_StartScene
Scripts/StartScene/Almanac.cs,Scripts/07_StartScene/Almanac.cs,40,40,07_StartScene
Scripts/StartScene/AlmanacScence.cs,Scripts/07_StartScene/AlmanacScence.cs,199,199,07_StartScene
Scripts/StartScene/Quit.cs,Scripts/07_StartScene/Quit.cs,51,51,07_StartScene
Scripts/StartScene/CustomBtn.cs,Scripts/07_StartScene/CustomBtn.cs,84,84,07_StartScene
Scripts/StartScene/AdventureHand.cs,Scripts/07_StartScene/AdventureHand.cs,28,28,07_StartScene
Scripts/StartScene/Helps.cs,Scripts/07_StartScene/Helps.cs,49,49,07_StartScene
Scripts/StartScene/Store.cs,Scripts/07_StartScene/Store.cs,39,39,07_StartScene
Scripts/StartScene/Adventure.cs,Scripts/07_StartScene/Adventure.cs,87,87,07_StartScene
Scripts/StartScene/AcvmentBackBtn.cs,Scripts/07_StartScene/AcvmentBackBtn.cs,33,33,07_StartScene
Scripts/StartScene/Options.cs,Scripts/07_StartScene/Options.cs,48,48,07_StartScene
Scripts/StartScene/SwampStone.cs,Scripts/01_Gameplay/World/SwampStone.cs,41,41,01_Gameplay/World
Scripts/StartScene/GoodsType.cs,Scripts/07_StartScene/GoodsType.cs,24,24,07_StartScene
Scripts/StartScene/AcvmentBtn.cs,Scripts/07_StartScene/AcvmentBtn.cs,33,33,07_StartScene
Scripts/StartScene/HostButton.cs,Scripts/07_StartScene/HostButton.cs,32,32,07_StartScene
Scripts/StartScene/YardStone.cs,Scripts/07_StartScene/YardStone.cs,41,41,07_StartScene
Scripts/BootLoader/BootLoader.cs,Scripts/00_Core/BootLoader/BootLoader.cs,140,140,00_Core/BootLoader
Scripts/FTRuntime/SwfSettingsData.cs,Scripts/10_Framework/FTRuntime/SwfSettingsData.cs,66,66,10_Framework/FTRuntime
Scripts/FTRuntime/SwfClip.cs,Scripts/10_Framework/FTRuntime/SwfClip.cs,459,459,10_Framework/FTRuntime
Scripts/FTRuntime/SwfManager.cs,Scripts/10_Framework/FTRuntime/SwfManager.cs,291,291,10_Framework/FTRuntime
Scripts/FTRuntime/SwfAsset.cs,Scripts/10_Framework/FTRuntime/SwfAsset.cs,33,33,10_Framework/FTRuntime
Scripts/FTRuntime/SwfClipController.cs,Scripts/10_Framework/FTRuntime/SwfClipController.cs,340,340,10_Framework/FTRuntime
Scripts/FTRuntime/SwfVersion.cs,Scripts/10_Framework/FTRuntime/SwfVersion.cs,13,13,10_Framework/FTRuntime
Scripts/FTRuntime/SwfClipAsset.cs,Scripts/10_Framework/FTRuntime/SwfClipAsset.cs,104,104,10_Framework/FTRuntime
Scripts/FTRuntime/SwfSettings.cs,Scripts/10_Framework/FTRuntime/SwfSettings.cs,15,15,10_Framework/FTRuntime
Scripts/FTRuntime/Yields/SwfWaitStopOrRewindPlaying.cs,Scripts/10_Framework/FTRuntime/SwfWaitStopOrRewindPlaying.cs,48,48,10_Framework/FTRuntime
Scripts/FTRuntime/Yields/SwfWaitRewindPlaying.cs,Scripts/10_Framework/FTRuntime/SwfWaitRewindPlaying.cs,46,46,10_Framework/FTRuntime
Scripts/FTRuntime/Yields/SwfWaitStopPlaying.cs,Scripts/10_Framework/FTRuntime/SwfWaitStopPlaying.cs,46,46,10_Framework/FTRuntime
Scripts/FTRuntime/Yields/SwfWaitExtensions.cs,Scripts/10_Framework/FTRuntime/SwfWaitExtensions.cs,121,121,10_Framework/FTRuntime
Scripts/FTRuntime/Yields/SwfWaitPlayStopped.cs,Scripts/10_Framework/FTRuntime/SwfWaitPlayStopped.cs,46,46,10_Framework/FTRuntime
Scripts/FTRuntime/Internal/SwfIntRangeAttribute.cs,Scripts/10_Framework/FTRuntime/SwfIntRangeAttribute.cs,17,17,10_Framework/FTRuntime
Scripts/FTRuntime/Internal/SwfReadOnlyAttribute.cs,Scripts/10_Framework/FTRuntime/SwfReadOnlyAttribute.cs,8,8,10_Framework/FTRuntime
Scripts/FTRuntime/Internal/SwfDisplayNameAttribute.cs,Scripts/10_Framework/FTRuntime/SwfDisplayNameAttribute.cs,14,14,10_Framework/FTRuntime
Scripts/FTRuntime/Internal/SwfSortingLayerAttribute.cs,Scripts/10_Framework/FTRuntime/SwfSortingLayerAttribute.cs,8,8,10_Framework/FTRuntime
Scripts/FTRuntime/Internal/SwfFloatRangeAttribute.cs,Scripts/10_Framework/FTRuntime/SwfFloatRangeAttribute.cs,17,17,10_Framework/FTRuntime
Scripts/FTRuntime/Internal/SwfAssocList.cs,Scripts/10_Framework/FTRuntime/SwfAssocList.cs,76,76,10_Framework/FTRuntime
Scripts/FTRuntime/Internal/SwfPowerOfTwoIfAttribute.cs,Scripts/10_Framework/FTRuntime/SwfPowerOfTwoIfAttribute.cs,20,20,10_Framework/FTRuntime
Scripts/FTRuntime/Internal/SwfList.cs,Scripts/10_Framework/FTRuntime/SwfList.cs,178,178,10_Framework/FTRuntime
Scripts/FTRuntime/Internal/SwfUtils.cs,Scripts/10_Framework/FTRuntime/SwfUtils.cs,249,249,10_Framework/FTRuntime
Scripts/SaveClass/SettingSave.cs,Scripts/06_Save/Models/SettingSave.cs,25,25,06_Save/Models
Scripts/SaveClass/CustomLevelSave.cs,Scripts/06_Save/Models/CustomLevelSave.cs,21,21,06_Save/Models
Scripts/SaveClass/LvSeries.cs,Scripts/06_Save/Models/LvSeries.cs,13,13,06_Save/Models
Scripts/SaveClass/ZombieStats.cs,Scripts/06_Save/Models/ZombieStats.cs,12,12,06_Save/Models
Scripts/SaveClass/LvSave.cs,Scripts/06_Save/Models/LvSave.cs,18,18,06_Save/Models
Scripts/SaveClass/CustomMapSave.cs,Scripts/06_Save/Models/CustomMapSave.cs,30,30,06_Save/Models
Scripts/SaveClass/PlantStats.cs,Scripts/06_Save/Models/PlantStats.cs,12,12,06_Save/Models
Scripts/SaveClass/StatsAndAcvSave.cs,Scripts/06_Save/Models/StatsAndAcvSave.cs,11,11,06_Save/Models
Scripts/SaveClass/UserSave.cs,Scripts/06_Save/Models/UserSave.cs,43,43,06_Save/Models
Scripts/FlashTools/Examples/PurpleFlowerLogic.cs,Scripts/12_Framework/FlashTools/PurpleFlowerLogic.cs,54,54,12_Framework/FlashTools
